{"cameraMode":{"drawMode":0,"name":"Shaded","section":"Shading Mode"},"sceneLighting":true,"audioPlay":false,"sceneViewState":{"showFog":true,"showMaterialUpdate":false,"showSkybox":true,"showFlares":true,"showImageEffects":true,"showParticleSystems":true},"in2DMode":false,"pivot":{"x":5.040077209472656,"y":1.59317946434021,"z":13.964332580566407},"rotation":{"x":-0.04074736684560776,"y":-0.049155786633491519,"z":0.002037019468843937,"w":-0.9979575872421265},"size":19.519006729125978,"orthographic":false}